epoch,train_auc,train_accuracy,train_loss,valid_auc,valid_accuracy,valid_loss
0,0.6595305496033178,0.6566793844169077,7.90524909795389,0.6832551861628304,0.6703077981482746,7.591443283603205
1,0.7051410222826447,0.682330461698702,7.314611232531639,0.7221543753896003,0.6881948565516735,7.179578554570367
2,0.7395389117820454,0.6982736337287642,6.947506140123728,0.7477538536911033,0.7020644165174328,6.860220143127113
3,0.7622409635346431,0.7124032955164327,6.622158663067472,0.7581460818349277,0.7086026982884932,6.709670645873477
4,0.7758084621522768,0.7215819200753819,6.410813028049729,0.7665552507179073,0.7148889017262114,6.564925466586247
5,0.7868806792914167,0.729535813929615,6.22766785889172,0.7706095733936769,0.7152302578026122,6.557065452673406
6,0.7944415309791618,0.7344612785048373,6.114254848944299,0.7744156549198733,0.7190797040180236,6.46842868039476
7,0.8016252678946549,0.7393973623600862,6.000597321044733,0.7756725094095991,0.721479699816718,6.413166736422943
