epoch,train_auc,train_accuracy,train_loss,valid_auc,valid_accuracy,valid_loss
0,0.7583123711771562,0.7349634848694757,6.102691120374426,0.7824489791213222,0.7543879888590405,5.655425399436255
1,0.8272791318189288,0.7771085228870374,5.13226578426196,0.8000320810829259,0.756431596815927,5.60836958855723
2,0.8503977722110032,0.7908001305366837,4.817004876209351,0.805993535441049,0.7679021705094188,5.3442498758814185
3,0.8668612103250883,0.8020830243892794,4.557206651453595,0.8107524231702825,0.7698633749196565,5.2990914767313875
4,0.8793605619590232,0.8124669784069642,4.318107280761621,0.8146961877298639,0.766237618867116,5.382577592807075
5,0.8897527489666378,0.8209228025856304,4.123404739094185,0.8119802542651469,0.7695172800237322,5.307060605993157
6,0.8969885360392928,0.8273531610660831,3.9753402673735354,0.8128308984044836,0.7685284374639485,5.329829546741072
