epoch,train_auc,train_accuracy,train_loss,valid_auc,valid_accuracy,valid_loss
0,0.755136391753591,0.7303680981595092,6.2085038068104375,0.7804855690189547,0.7527893600540567,5.692235186978717
1,0.8244067241662613,0.7731139483840921,5.224244258763076,0.79858180765669,0.7635183018277106,5.445192179863841
2,0.8465035203216102,0.7865420616289781,4.915050533428322,0.809225955332586,0.7680504968933863,5.340834534769231
3,0.8564659596988482,0.7927978771856868,4.7710050609400305,0.8111739153767255,0.7646225093528025,5.419766862695336
4,0.8618054577267278,0.796870296438494,4.677234144882259,0.8129030422113226,0.767094615752262,5.362844510825549
5,0.8667823130498544,0.7993402045563419,4.62036241031577,0.8158544233546752,0.768314188242662,5.334762817236454
6,0.871139062066671,0.8030545670225385,4.534836056223968,0.8171486136054549,0.770687410386143,5.280117359441458
