epoch,train_auc,train_accuracy,train_loss,valid_auc,valid_accuracy,valid_loss
0,0.7431030002076919,0.702292817498542,6.854961016328628,0.7776868303684308,0.7186439734140511,6.478461748051226
1,0.7895816571800551,0.7324331782675413,6.160953581393602,0.7826350909155496,0.7247972443528724,6.336777452583073
2,0.7964985108396956,0.737326787246272,6.048274073642087,0.7859265892953421,0.7281801512264777,6.258883145346057
3,0.7997796946080014,0.7399121020726468,5.988745001481899,0.7876470380192208,0.7296677551897093,6.224629799188921
4,0.8016930483564255,0.7411913248883915,5.959289808431307,0.7878973952295751,0.7299978918981269,6.217028120763675
5,0.8017322083084697,0.7412567385665547,5.957783602870609,0.7866348522483256,0.7280568471546591,6.261722326444643
6,0.80268783538718,0.7419329466129191,5.9422133376260575,0.7881120827772631,0.7301092633178341,6.214463699126242
7,0.8046514933357739,0.7432447569855001,5.912007788370241,0.7876496965609396,0.7299680602678482,6.217715019416558
8,0.8051741959601466,0.7439489736051158,5.895792601911,0.787381891600111,0.730065510260092,6.215471150483804
