epoch,train_auc,train_accuracy,train_loss,valid_auc,valid_accuracy,valid_loss
0,0.5480594307245251,0.7874378992193045,4.89442311118392,0.6071544753229854,0.79296875,4.767070569097996
1,0.6554539186291363,0.7892882311486963,4.851817645179797,0.6373094618458965,0.7900390625,4.834529114887118
2,0.6865142364852794,0.7883124627310674,4.874285542687704,0.6217120550237011,0.7919921875,4.789556751027703
